,precision,recall,f1-score,support
0,0.8888888888888888,0.6956521739130435,0.7804878048780488,23.0
1,0.8333333333333334,0.9459459459459459,0.8860759493670886,37.0
accuracy,0.85,0.85,0.85,0.85
macro avg,0.8611111111111112,0.8207990599294948,0.8332818771225687,60.0
weighted avg,0.8546296296296296,0.85,0.8456004939796233,60.0
